Movie ID,Move Name
1 , The Social Network
2 , A Prophet
3 , Amour
4 , The King's Speech
5 , La La Land
6 , Boyhood
7 , Inception
8 , A Separation
9 , The Artist
10 , The White Ribbon
11 , Zero Dark Thirty
12 , Avatar
13 , Spotlight
14 , Precious
15 , The Tree of Life
16 , 12 Years a Slave
17 , Blue is the Warmest Colour
18 , Son of Saul
19 , Up in the Air
20 , Inglourious Basterds
21 , Mad Max: Fury Road
22 , Moonlight
23 , Birdman
24 , Manchester by the Sea
25 , Lincoln
26 , Hugo
27 , Toni Erdmann
28 , The Shape of Water
29 ," Three Billboards Outside Ebbing, Missouri"
30 , Argo
31 , Gravity
32 , Black Swan
33 , Ida
34 , Leviathan
35 , The Wolf of Wall Street
36 , True Grit
37 , The Descendants
38 , The Secret in Their Eyes
39 , Life of Pi
40 , Arrival
41 , Call Me by Your Name
42 , Winter's Bone
43 , The Grand Budapest Hotel
44 , Dunkirk
45 , Inside Llewyn Davis
46 , A Serious Man
47 , Toy Story 3
48 , Beasts of the Southern Wild
49 , The Imitation Game
50 , The Fighter
